{
  "id": "df297db5-a98d-4372-8029-2c49d1e280e4",
  "name": "Tavern",
  "description": "A night at a medieval inn.",
  "icon": "\ud83c\udf7a",
  "is_favorite": true,
  "categories": [
    "Fantasy"
  ],
  "short_file_threshold": 15.0,
  "tracks": {
    "Collecting_glassess_195": {
      "volume": 1.0,
      "presence": 0.42,
      "muted": false,
      "playback_mode": "sparse",
      "exclusive": false,
      "seamless_loop": true
    },
    "Cutlery_321": {
      "volume": 1.0,
      "presence": 0.26,
      "muted": false,
      "playback_mode": "sparse",
      "exclusive": false,
      "seamless_loop": true
    },
    "fireplace_663": {
      "volume": 1.0,
      "presence": 1.0,
      "muted": false,
      "playback_mode": "auto",
      "exclusive": false,
      "seamless_loop": false
    },
    "glass_clink_653": {
      "volume": 0.61,
      "presence": 0.4,
      "muted": false,
      "playback_mode": "sparse",
      "exclusive": false,
      "seamless_loop": false
    },
    "Lute_-_Greensleeves_753": {
      "volume": 1.0,
      "presence": 0.0,
      "muted": false,
      "playback_mode": "sparse",
      "exclusive": true,
      "seamless_loop": true
    },
    "Lute_1_9542": {
      "volume": 1.0,
      "presence": 0.0,
      "muted": false,
      "playback_mode": "sparse",
      "exclusive": true,
      "seamless_loop": true
    },
    "Pouring_water_into_glass_199": {
      "volume": 1.0,
      "presence": 0.35,
      "muted": false,
      "playback_mode": "sparse",
      "exclusive": false,
      "seamless_loop": false
    },
    "Quiet_British_Pub_768": {
      "volume": 0.58,
      "presence": 1.0,
      "muted": false,
      "playback_mode": "auto",
      "exclusive": false,
      "seamless_loop": false
    },
    "StrangerEight_1441": {
      "volume": 1.0,
      "presence": 0.0,
      "muted": false,
      "playback_mode": "sparse",
      "exclusive": true,
      "seamless_loop": true
    },
    "Wooden_Door_Slamming_723": {
      "volume": 1.0,
      "presence": 0.47,
      "muted": false,
      "playback_mode": "sparse",
      "exclusive": false,
      "seamless_loop": true
    }
  },
  "presets": {
    "c2050c03": {
      "name": "Slow night at the inn",
      "is_default": true,
      "tracks": {
        "Collecting_glassess_195": {
          "volume": 1.0,
          "presence": 0.42,
          "muted": false,
          "playback_mode": "sparse",
          "exclusive": false,
          "seamless_loop": true
        },
        "Cutlery_321": {
          "volume": 1.0,
          "presence": 0.26,
          "muted": false,
          "playback_mode": "sparse",
          "exclusive": false,
          "seamless_loop": true
        },
        "fireplace_663": {
          "volume": 1.0,
          "presence": 1.0,
          "muted": false,
          "playback_mode": "auto",
          "exclusive": false,
          "seamless_loop": false
        },
        "glass_clink_653": {
          "volume": 0.61,
          "presence": 0.4,
          "muted": false,
          "playback_mode": "sparse",
          "exclusive": false,
          "seamless_loop": false
        },
        "Lute_-_Greensleeves_753": {
          "volume": 1.0,
          "presence": 0.0,
          "muted": false,
          "playback_mode": "sparse",
          "exclusive": true,
          "seamless_loop": true
        },
        "Lute_1_9542": {
          "volume": 1.0,
          "presence": 0.0,
          "muted": false,
          "playback_mode": "sparse",
          "exclusive": true,
          "seamless_loop": true
        },
        "Pouring_water_into_glass_199": {
          "volume": 1.0,
          "presence": 0.35,
          "muted": false,
          "playback_mode": "sparse",
          "exclusive": false,
          "seamless_loop": false
        },
        "Quiet_British_Pub_768": {
          "volume": 0.58,
          "presence": 1.0,
          "muted": false,
          "playback_mode": "auto",
          "exclusive": false,
          "seamless_loop": false
        },
        "StrangerEight_1441": {
          "volume": 1.0,
          "presence": 0.0,
          "muted": false,
          "playback_mode": "sparse",
          "exclusive": true,
          "seamless_loop": true
        },
        "Wooden_Door_Slamming_723": {
          "volume": 1.0,
          "presence": 0.47,
          "muted": false,
          "playback_mode": "sparse",
          "exclusive": false,
          "seamless_loop": true
        }
      }
    }
  },
  "attribution": {
    "source": "Ambient-Mixer.com",
    "source_url": "https://rpg.ambient-mixer.com/d-d-fantasy-inn-pub-tavern",
    "template_id": "2905",
    "license": "Creative Commons Sampling Plus 1.0",
    "license_url": "https://creativecommons.org/licenses/sampling+/1.0/",
    "imported_date": "2025-12-14T21:10:07.622765Z",
    "imported_by": "ambient_mixer"
  }
}